entity,frequency
Chile,34724
Santiago,6818
Valparaíso,4892
Estados Unidos,4884
Argentina,4879
Antofagasta,3917
Coquimbo,3767
La Araucanía,2973
Brasil,2870
La Serena,2824
Israel,2498
Biobío,2436
Región Metropolitana,2335
España,2287
Europa,2189
Temuco,2161
Perú,2091
México,2044
O’Higgins,2017
Concepción,1951
Viña Del Mar,1921
Rancagua,1901
Ñuble,1899
Centro,1875
Venezuela,1749
Corte Suprema,1674
China,1645
Valdivia,1610
Colombia,1594
Los Ríos,1586
Ucrania,1575
Calama,1570
Magallanes,1544
Latinoamérica,1543
América,1520
Región De Coquimbo,1486
Iquique,1478
La Moneda,1441
Rusia,1400
Francia,1391
Ovalle,1389
Bolivia,1304
Atacama,1292
Maule,1284
La Ley,1263
Región De Valparaíso,1246
Los Lagos,1208
Chillán,1192
Ecuador,1183
Coquimbo Unido,1179
En Estados Unidos,1093
Punta Arenas,1050
Alemania,1045
Tarapacá,1045
Irán,1036
Gobierno Regional,1036
Arica,1007
Gaza,976
Indap,975
Copiapó,970
Curicó,934
Obras Públicas,917
Madrid,904
Italia,886
Angol,871
Quilpué,861
Paraguay,848
Región Del Biobío,818
La Tierra,817
Canadá,808
Uruguay,790
Parinacota,787
Los Ángeles,768
Síguenos,760
Puerto Montt,745
Seremi De Salud,702
San Felipe,699
Barcelona,696
Puerto Varas,691
Región De Ñuble,688
Nueva York,686
Interior,683
Conaf,673
Deportes,665
Maipú,661
Buenos Aires,659
Congreso Nacional,644
París,631
Covid-19,617
Linares,617
Aysén,614
Talcahuano,609
Sudamérica,605
Región De Antofagasta,601
Ee.Uu.,601
Las Condes,599
Talca,599
Pucón,597
Concejo Municipal,597
Estadio Nacional,583
San Pedro De Atacama,579
Los Andes,576
Región,575
Región De O’Higgins,575
Franja De Gaza,570
Reino Unido,568
Recoleta,564
Quillota,554
Japón,551
Estadio Monumental,538
Washington,534
Huachipato,531
Australia,517
Villarrica,515
Canal 13,512
Mop,495
Bío Bío,485
Provincia De Neuquén,484
Eeuu,477
Región De La Araucanía,466
Inglaterra,465
Sernac,461
Cuba,459
Londres,454
La Luna,454
Municipio,447
Tocopilla,447
Providencia,446
Florida,437
Biobiochile,434
El Salvador,434
La Florida,434
Municipalidad,425
Región Del Maule,423
San Fernando,423
Malleco,422
Bomberos,416
Miami,414
Alto Hospicio,405
Región De Los Ríos,404
Osorno,393
Acá,392
Roma,387
Lima,378
Cañete,376
Villa Alemana,370
Tren De Aragua,368
El Mercurio,364
Monte Patria,362
África,361
Puente Alto,359
Moscú,357
Santa Cruz,355
Victoria,347
Estado De Chile,345
La Calera,342
Poder Judicial,342
California,332
Cesfam,330
Metropolitana,330
Región De Atacama,328
Asia,325
Ind,324
Monumental,320
Casa Blanca,319
San Antonio,318
Gore,316
Ñuñoa,315
Seremi De Las Culturas,313
Festival De Viña Del Mar,312
Medio Ambiente,309
Patagonia,308
Vivienda Y Urbanismo,306
Plaza De Armas,304
Collipulli,303
Suiza,297
Coyhaique,295
Suecia,293
Palestina,290
Sevilla,287
Seremi De Educación,286
Región De Los Lagos,283
Los Vilos,281
Estados,281
Aconcagua,278
Quinta Vergara,275
Hollywood,275
Mercado Financiero,275
Líbano,274
Meta,271
Portugal,270
Curicó Unido,266
Limache,263
Festival De Viña,262
Hermosilla,260
Taiwán,260
Lago Ranco,259
Minsal,252
Concón,251
Vicuña,251
Arauco,250
Santiago De Chile,247
Tongoy,247
Aries,247
Panguipulli,246
Vitacura,246
San Fabián De Alico,245
Mejillones,244
Paso Minas Ñuble,243
Las Ovejas,242
Provincia Del Neuquén,242
Minas-Ñuble,242
Chiloé,242
Neuquén Informa,242
Corea Del Sur,241
Puerto Natales,241
Colchagua,240
Paillaco,239
Salud,236
Valencia,235
Cauquenes,230
Illapel,229
Ministro De Agricultura,227
Estrecho De Ormuz,225
Taltal,224
Coltauco,222
Antártica Chilena,221
Leo,219
Seremi De Desarrollo Social Y Familia,218
Antártica,218
Quintero,217
Senapred,214
Países Bajos,213
Cámara Baja,211
Bélgica,209
Fndr,208
Estadio Santa Laura,207
Panamá,206
Manchester City,205
San Carlos,205
Kiev,202
Coronel,202
Macul,202
Caracas,199
Caldera,199
De Santiago,199
Costa Rica,196
Traiguén,194
Padre Las Casas,194
Palacio De La Moneda,194
De Colombia,193
Estación Central,192
India,192
Gran Concepción,190
Minvu,189
Turquía,188
Limarí,188
Macrozona Sur,188
Mendoza,188
Educación,187
Viña,183
Corea Del Norte,181
Egipto,179
Vallenar,178
Región De Magallanes,177
Bruselas,176
Seremi De Agricultura,175
Ciudad De México,175
Sao Paulo,174
Pacífico,173
Región De Tarapacá,172
Sudáfrica,170
Gobierno Del Presidente Gabriel Boric,170
La Higuera,170
Chillán Viejo,169
Siria,169
Tierra Amarilla,168
Seremi De Gobierno,168
Marte,166
Gobierno Regional De La Araucanía,166
Liverpool,166
Barranquilla,166
Panamericanos,164
Teatro Municipal,164
Estado.,163
Río De Janeiro,163
Pichilemu,163
Subdere,162
Ministro De Justicia,162
Seremi De La Mujer,161
Dideco,160
San Bernardo,160
Educación Superior,160
Parapanamericanos,159
Putaendo,158
Río Bueno,158
Superintendencia De Electricidad Y Combustibles,156
Municipalidad De Valparaíso,155
Las Vegas,154
Sala,153
Serviu,153
Sierra Gorda,152
La Pintana,151
Relaciones Exteriores,151
Bogotá,151
Graneros,150
Rengo,150
San Pedro De La Paz,150
Deporte,149
Marsella,148
Quito,148
Nueva Zelanda,147
Rapa Nui,146
Metro,146
Machalí,146
Transportes Y Telecomunicaciones,146
Gobierno De Chile,142
Qatar,141
Grecia,141
Guayaquil,140
Daem,140
Ercilla,138
Alcaldía Ciudadana,137
Corral,136
Arabia Saudita,136
Gobierno Del Presidente,136
Teherán,136
Ministro De Educación,135
Haití,133
Caribe,133
Provincia De Malleco,133
Ruta 5 Sur,132
Dinamarca,132
El Loa,130
Gobierno Regional Del Biobío,130
Chaitén,129
Tierra Brava,128
Lo Barnechea,128
Los Estados Unidos,126
Gobernador,126
Palena,126
Yemen,125
Pozo Almonte,124
Vivienda,124
Longaví,124
Lonquimay,123
Berlín,123
Ipom,122
Ministro De Desarrollo Social,121
Rafah,120
Seremi Del Trabajo Y Previsión Social,119
El Niño,118
Nicaragua,118
Tigre,116
La Paz,116
O´Higgins,115
Placilla,115
Albania,115
Fenfur,114
Curacautín,114
Estadio De Tongoy,114
Colegio De Profesores,113
Futrono,113
Estadio Francisco Sánchez Rumoroso,113
Araucanía,112
Cali,112
La Granja,109
Lumaco,108
Desierto De Atacama,108
Carahue,107
Olympique,107
Reserva Federal,107
Cooperativa,107
Cáncer,107
Río Cachapoal,106
Texas,106
Vialidad,105
Hualpén,105
Santa Laura,105
Chañaral,105
Lanco,105
La Pampilla,104
Franja,103
Algarrobo,103
Movistar Arena,103
San Valentín,102
Kremlin,101
Radio Bío Bío,100
Tomé,100
Trinidad,100
Seremi De Vivienda De Antofagasta,100
Austria,99
Seremi De Energía,98
Región De Aysén,98
Purén,97
Hungría,97
Canela,97
Salamanca,96
Región De O´Higgins,95
Provincia De Arauco,95
Universidad San Sebastián,95
Combarbalá,94
Temucuicui,94
Colchane,94
Córdoba,94
Nueva Imperial,93
San Juan,93
Godoy Cruz,92
Pudahuel,92
Municipio Abierto De Quilpué,92
Montes,92
Exsubsecretario Del Interior,92
Tierras Blancas,91
Tauro,91
Los Sauces,91
Seremi De Vivienda,91
Metro De Santiago,91
Inacap,90
Reconstrucción Nacional,90
Putre,90
Norteamérica,90
Minería,89
Banco Central,89
São Paulo,89
Sernapesca,89
La Cisterna,88
Chelsea,87
Senama,87
Marruecos,87
Estadio Sausalito,86
Patrimonio,86
San Luis,86
Santo Domingo,86
La Libertad Avanza,86
Seúl,85
Cisjordania,85
San Carlos De Apoquindo,85
Puerto Williams,84
Polonia,83
Puchuncaví,83
Bielorrusia,82
Parlamento,82
Medellín,81
Quiénes,81
Dmc,81
El Caribe,80
Las Cabras,80
Toro,80
Prigozhin,79
Centro Cultural,79
Choapa,79
Constanza,79
Vivienda De Antofagasta,79
Sala Del Senado,78
Paihuano,78
La Argentina,78
Futaleufú,78
Licantén,78
Chileatiende,78
Punitaqui,78
Chimbarongo,77
Subsecretaría De Desarrollo Regional Y Administrativo,76
Tailandia,76
Deportes La Serena,76
General,76
Provincia De Limarí,76
La Ligua,75
Pensilvania,75
Tokio,75
San Francisco,75
San Nicolás,75
Cedida,75
Castillo,75
Covid,74
Georgia,74
Cerrillos,74
Seguridad Pública,74
Ee.Uu,74
Níger,74
Ranco,73
Melipilla,73
Olmué,73
Gobierno Regional De Los Ríos,73
El Reino Unido,72
Guatemala,72
Municipalidad De Rancagua,72
Lampa,71
La Cruz,71
Salar De Atacama,70
Montevideo,70
República Dominicana,70
Doñihue,70
La Estrella,69
Universidad De Antofagasta,69
Ruta 5,69
Baquedano,69
Colina,68
Colbún,68
Noruega,68
La Portada,67
Andes,67
El Teniente,67
Valle Del Aconcagua,67
Estado De Israel,66
Claro Arena,66
Municipalidad De Temuco,66
Pekín,66
Gales,66
Evópoli,65
Estado De Derecho,65
Loncoche,65
Gobierno De José Antonio Kast,64
Gobierno Regional De Los Lagos,64
Provincia De Palena,64
Canal,64
Río Ñuble,64
Chiguayante,64
Renca,64
Villarreal,64
Seremi De Obras Públicas,63
El Olivar,63
Júpiter,63
Panquehue,63
Andacollo,63
Catemu,63
Gobierno De Gabriel Boric,62
Quilicura,62
Paes,62
Ginebra,61
Renaico,61
Toconao,61
Seremi Del Medio Ambiente,61
Alcaraz,61
Occidente,60
Chicago,60
Fiu,60
Mar Rojo,60
República Democrática Del Congo,60
Luna,60
San Miguel,59
Villavicencio,59
Cámara Alta,59
Achifarp,59
Pica,59
Peñalolén,58
Gendarmería,58
Emiratos Árabes Unidos,58
Nueva Constitución,58
Estado De Excepción,58
Araucaniadiario,58
Uganda,57
Tirúa,57
Dakar,57
Falta,57
Beirut,57
Máfil,56
Ancud,56
Mpox,56
Chuquicamata,56
Parral,56
Base Torres,56
Tierra Del Fuego,55
Curanilahue,55
Porvenir,55
Segegob,55
Damasco,55
Municipalidad De Punta Arenas,55
Los Estados,55
Ávila,55
Cochilco,54
Tribunal Supremo,54
Hospital,54
Toronto,54
Zona Centro Norte,54
Chadwick,53
Hijuelas,53
Elche,53
Vilcún,53
Cobquecura,53
Cogrid,53
Maui,52
Llay Llay,52
Teatro Biobío,52
Cern,52
Cataluña,52
Cancha,52
Tenerife,51
Zona De Estrellas,51
Sur,51
Asunción,51
San Lorenzo,51
Municipalidad De La Serena,50
San Vicente,50
Gabinete,49
San Ramón,49
Tel Aviv,49
Aguas Del Valle,48
San Javier,48
Puente Ñuble Ferroviario,48
Pumanque,48
Atlántico,48
Subsecretaría De Desarrollo Regional,48
Toltén,47
Malloa,47
Dipres,47
Mideso,47
Zapallar,47
San Pedro,46
Hospital Regional,46
Superintendencia Del Medio Ambiente,46
May,46
Bajos De Mena,46
Seremi De Economía,46
Los Cóndores,45
Sudamericana,45
Rosario,45
Quillón,45
Cordillera De Los Andes,45
Santa María,45
Plaza Italia,44
Fiscalía Centro Norte,44
Ruta De La Fruta,44
Gobierno Regional Del Maule,44
Beijing,44
Wimbledon,44
Seremi De Vivienda Y Urbanismo,44
Demre,44
Girona,43
Cautín,43
Fibe,43
Peine,43
Gobiernos Regionales,43
Socaire,43
Sistema Político,43
Palacio,42
Red Bull Valparaíso Cerro Abajo,42
Mariquina,42
Auckland,42
Puerto Aysén,42
Titan,42
Grand Slam,42
Puerto Rico,42
Estrecho De Magallanes,42
Curimón,42
Farmacias Populares,42
City,42
El País,41
Cabo Verde,41
Esval,41
"Agricultura, Medio Ambiente",41
Ollagüe,41
Calle Larga,41
Afganistán,41
Ter,41
América Del Sur,41
Pakistán,41
Freepik,41
Puerto Príncipe,41
Pitrufquén,40
Gobierno De Santiago,40
Talagante,40
Barracas Central,40
Ee. Uu.,40
Carolina Arredondo,40
Fiestas Patrias,40
Libertad,40
Playa Ancha,40
Antiquina,40
Singapur,40
Zamora,40
Quinta Región,40
San Joaquín,39
Escondida | Bhp,39
Molina,39
Olivar,39
Estocolmo,39
Ciudad Puerto,39
Avenida Del Mar,39
Llanquihue,39
Parque Cultural De Valparaíso,39
Perquenco,39
Sol,39
Contraloría,39
Carolina Del Sur,39
Romeral,38
Vergara,38
Juzgado,38
Centro Espacial Kennedy,38
Radioanálisis,38
Área Marina Costera Protegida De Múltiples Usos,38
Parapanamericanos Santiago,37
Mosa,37
Irak,37
Polo Norte,37
La Habana,37
Seguridad,37
Seremi Del Deporte,37
Camar,37
Estado Chileno,37
Estadio Municipal De Olivar Alto,36
Santiago Centro,36
Ciudad Jardín,36
Crimea,36
Centro Cultural La Moneda,36
Subsecretaría Del Interior,36
Melipeuco,36
Río Claro,36
Codegua,36
Requínoa,36
Litueche,36
Huasco,36
Hospital Regional De Antofagasta,36
San Rafael,36
Santo Tomás,36
Cachureos,36
Petorca,36
Riad,36
Los Álamos,36
Lahaina,35
Los Libertadores,35
Pisa,35
Hawái,35
Tolima,35
Directora,35
Maratón De Santiago,35
Redeg,35
Freirina,35
Chama,35
Indonesia,35
Hospital Carlos Van Buren,35
Géminis,35
Cabo De Hornos,35
Región De O'Higgins,35
Blanco,35
Norte,35
Casablanca,35
Río Maipo,35
Nanterre,35
Escocia,35
Gobierno Regional De Antofagasta,35
Estadio Bicentenario De La Florida,34
Quebrada Blanca,34
El Líbano,34
Concejales,34
Ministro Del Interior,34
Eslovaquia,34
Mar Negro,34
Ártico,34
Ushuaia,34
Udec,34
Arabia Saudí,34
Educación Parvularia,34
Penco,34
Parque Nacional Torres Del Paine,33
Deportes Copiapó,33
Hualaihué,33
Período Principal,33
San Marcos,33
San Marcos De Arica,33
Océano Pacífico,33
Elqui,33
Navidad,33
Gorbea,33
Puerto Montt-,32
Catar,32
Seremi De Medio Ambiente,32
Irlanda,32
Municipalidad De Iquique,32
Quinta Normal,32
Wall Street,32
Cerro Benítez,32
Dominga,32
Guanaqueros,32
Teatro Caupolicán,32
Honduras,32
La India,32
Quirihue,31
Provincia Del Ranco,31
Anótate,31
Avenida Perú,31
Universidad De Concepción,31
Machu Picchu,31
La Unión,31
Gobierno Regional Del Bío Bío,31
San Luis De Quillota,31
Skarleth,31
Mostazal,30
Huechuraba,30
Acceso,30
Hospital De Pichilemu,30
Río Tinguiririca,30
Aeropuerto De Santiago,30
Nápoles,30
Municipal Nicolás Chahuán Nazar,30
Municipalidad De Antofagasta,30
Vía Láctea,30
Zalaquett,30
Catedral,30
Huara,29
Secplan,29
Latam,29
Vilna,29
Teniente,29
El Mostrador,29
Miranda,29
Jamaica,29
El Alto,29
Ecmpo,29
Lolol,29
Cincinnati,29
Gobierno Regional De Valparaíso,29
Villa Panamericana,29
Metropolitan Santiago,29
La Tirana,29
Talabre,29
Estado Nacional,28
Pipeño,28
Pionyang,28
Rdc,28
Hotel Panamericano,28
Coihueco,28
Los Tenores,28
Sudamericano,28
Valle De Aconcagua,28
Santa Fe,28
Universidad De Talca,28
Los Cabos,28
Bolsa De Santiago,28
Deportes Limache,27
Seremi De Desarrollo Social,27
Cardoch,27
Jugabet,27
Isla De Pascua,27
Ilustre Municipalidad De Calama,27
Belo Horizonte,27
Colorado,27
Seremi Del Trabajo,27
Olimpia,27
Loreto,27
Universitario,27
El Abra,27
Talleres De Córdoba,27
Finlandia,27
Sernageomin,27
Municipalidad De Las Condes,26
Ormuz,26
Saturno,26
Cunco,26
Estadio Santa Laura-Universidad Sek,26
Cl$,26
Galvarino,26
Azerbaiyán,26
Servicio,26
Silicon Valley,26
Estadio La Portada,26
Municipalidad De Viña Del Mar,26
Indura,26
Hospital Sótero Del Río,26
Cordillera,26
Corner,26
Tsj,26
Casa Rosada,26
Vasco Da Gama,26
Delegada Presidencial Regional,26
Aguas Antofagasta,26
Hospital De La Serena,26
Las Palmas,26
Pichidegua,25
Deportes Santa Cruz,25
Adorni,25
Jerusalén,25
Bulla,25
Ministro De Desarrollo Social Y Familia,25
Irarrázaval,25
Reñaca,25
Nancagua,25
Municipalidad De Valdivia,25
Municipalidad De Maipú,25
Capitolio,25
"Culturas, Las Artes Y El Patrimonio",25
Pucv,25
Provincia De Valdivia,25
Vaticano,25
Chilevalora,24
Subsistema De Seguridades Y,24
Afluentes,24
Maule Sur,24
Corea,24
La Pincoya,24
Municipalidad De Ovalle,24
Jardín Infantil Dintrans De Rancagua,24
Jardín Botánico,24
Edelaysen,24
Eco Escuela San Alfonso De Alhué,24
Tiro,24
Alameda,24
Stf Capital,24
Piura,24
Preolímpico,24
Unab,24
Cerro Castillo,24
Coinco,24
Colegio La Isla De Doñihue,24
Larrainvial,24
Samoa,24
Carolina,24
Liceo San Esteban,24
Contulmo,24
Croacia,24
Seremi De Justicia Y Derechos Humanos,24
Travesti,24
San Esteban,23
Salcobrand,23
Leganés,23
Aduanas,23
Lebu,23
Parque Capital,23
Llegue,23
Solingen,23
Perucetus,23
Carretera El Cobre,23
Lincolao,23
Venus,23
Curarrehue,23
Puente Cachapoal,23
Cornejo,23
Feria Internacional Del Aire Y Del Espacio (Fidae,23
Río Hurtado,23
Cono Sur,23
Municipalidad De Coquimbo,23
Municipio De Viña Del Mar,23
Cabildo,23
Municipalidad De Quillota,23
Museo De La Memoria,23
Virgen Del Carmen,23
Comencé,23
Nueva Ola,23
Teck,23
Conchalí,23
Ministro De Justicia Y Derechos Humanos,23
Ámbar Cornejo,23
Gobierno Regional De Coquimbo,23
Recursos Humanos.,23
La Chimba,22
Lautaro,22
Tinguiririca,22
Fonasa,22
Umag,22
Provincia Del Limarí,22
Dra.,22
Boston,22
Tiltil,22
Yungay,22
Festival De Las Condes,22
Cabrero,22
Facultad De Economía Y Negocios,22
Conadi,22
Manhattan,22
Banco De Chile,22
Observatorio Legislativo Cristiano,22
Cartagena,22
Teno,22
Travesía,22
Valparaíso Profundo,22
La Bombonera,22
Canarias,22
Antártida,22
Escuelas Protegidas,22
Gobierno Regional De Ñuble,22
Iloca,22
Villa Independencia,22
Chileactores,22
Ciencia,22
Sagrada Familia,22
Toulouse,22
Hospital Base Valdivia,21
El Imacec,21
Paposo,21
Pichidangui,21
Parma,21
Piedra,21
La Negra,21
Cannes,21
La Pampilla De Coquimbo,21
Gobierno Del Presidente Boric,21
Pachuca,21
Puente Lircay,21
Región De Arica,21
Kazajistán,21
Melbourne,21
Facultad De Ingeniería,21
Etiopía,21
Medialuna Monumental,21
Salud Pública,21
Isla Huapi,21
Tamarugal,21
Photosport,21
Centro De Salud Familiar,20
Anef,20
Andes Motor,20
Oruro,20
Buk,20
Lyon,20
Villa Francia,20
Plaza De Los Héroes,20
Isla,20
Cementerio General,20
Golfo Pérsico,20
Archipiélago De Humboldt,20
Grozni,20
Mira,20
Hospital Provincial De Ovalle,20
Lo Valledor,20
Amistad,20
Kansas City Chiefs,20
Pyongyang,20
Estadio Seguro,20
Járkov,20
Subsecretaría De Turismo,20
Mall Patio De Rancagua,20
Ministro De Vivienda,20
Bolonia,20
Claveúnica,19
Claro,19
Jardín Botánico De Viña Del Mar,19
La Cantera,19
Laguna Verde,19
Ipswich Town,19
Tapusa,19
Novibet,19
Ipn,19
Alcaldes,19
Holanda,19
Ohio,19
El Quisco,19
Pampilla,19
Tránsito,19
Viejo Continente,19
Garra Blanca,19
Familia,19
Agricultura,19
Al Shifa,18
Curitiba,18
La Guaira,18
La Suerte,18
Hotel Intercontinental,18
Municipal De La Cisterna,18
Municipal De Calama,18
Cartago,18
Dep,18
Cosena,18
Balneario Rocas De Algarrobo,18
Plaza De La Constitución,18
Davos,18
Rio Grande Do Sul,18
Rostov,18
Udinese,18
Bci,18
Sepúlveda,18
Lasana,18
Consalud,18
Empresas Molinera Gorbea,18
Cachapoal,18
El Domingo,18
Avo,18
Durán,18
Capo De Provincia,18
Manta,18
Carabobo,18
Educación Artística,18
Culturas Y Las Artes,18
Baja Mesopotamia,18
Arabia,18
Columna De Opinión,18
Rancagüino,18
Coreas,18
Temu,18
Antares De La Luz,17
Expreso Bío Bío,17
Al Aire Libre En Cooperativa,17
Hiroshima,17
Chipre,17
Hualien,17
Papudo,17
León De Collao,17
Clínica Las Condes,17
Bellavista,17
Salzburgo,17
Coipasa,17
Brisbane,17
Sun Valley,17
Delegada Presidencial,17
Orlando,17
Kenia,17
Provincia De Elqui,17
Costa,17
Carolina Del Norte,17
Chi,17
América Del Norte,17
Esmeraldas,17
Saudita,17
De Cereales A La,17
Collahuasi,17
Estadio,17
Los Huertos,17
Gobernadores,17
Buenos,17
Deportes Iquique,17
Parque Arauco,17
Sistema De Evaluación De Impacto Ambiental,17
Mar De Japón,17
Kursk,17
Coelemu,16
Chicureo,16
Ind Araucanía,16
Hospital De Coquimbo,16
La Aguada,16
Bariloche,16
Dgcim,16
Diócesis De Rancagua,16
Gobierno Regional De Tarapacá,16
El Salto,16
Getafe,16
Beneficio,16
Alto Biobío,16
Estadio Municipal,16
Municipalidad De Pucón,16
Barrio Norte,16
Barrio Yungay,16
Parque O’Higgins,16
Marga Marga,16
Educación Ambiental,16
Provence,16
Provincia De San Felipe,16
Camino,16
Frutillar,16
Trans,16
Español,16
Municipalidad De La Unión,16
Seremi De Transporte,16
Municipalidad De Santiago,16
Municipalidad De San Pedro De Atacama,16
Cumuleufu,16
Calbuco,16
Lagunillas,16
Carmona,16
Museo Británico,16
Baltimore,16
Cooperativa Agrícola Natural Sur,16
Armenia,16
Carolina Torres,16
Delegada,16
Austral,15
Isla Mocha,15
Plaza,15
Www.Camara.Cl,15
Southampton,15
Museos,15
Gran Santiago,15
Llifén,15
Punta Peuco,15
Navalni,15
Los Gallegos,15
Eau,15
Panamericanos Santiago,15
Busan,15
Comunidad De Madrid,15
Cedeao,15
Puerto Coronel,15
Unidos,15
Festival De La Canción,15
Festival Internacional Teatro A Mil,15
Huarmaca,15
Jordhy,15
Centro Médico Sheba,15
U. La Calera,15
Mataquito,15
Seremi De Ciencia,15
Rinconada,15
Región Del Libertador,15
Canal De Panamá,15
Canal De Enlalinea.Cl,15
Canal Chacao,15
Provincia De Ituri,15
Berdine,15
Dpr,15
Torres Del Paine,15
Barrio Puerto,15
Montecarlo,15
Monte Verde,15
Villalobos,15
Kampala,15
Pabellón Araucanía,15
Subrei,15
El Molino,15
Paipote,14
Recién,14
Cochamó,14
Castro,14
Enusc,14
Casa Memoria De Valparaíso,14
Santiago 2023,14
Puente De Crimea,14
San Patricio,14
Cañas,14
Lituania,14
Las Damas,14
Eleam,14
Newcastle,14
Vasco,14
Lisboa,14
Hamburgo,14
Pirque,14
Astrobotic,14
Corte Suprema Ángela Vivanco,14
Olivares,14
Zona Latina,14
Parque Cultural,14
Desarrollo Social,14
Arena Cavancha,14
Yenín,14
Gobernador Regional De Valparaíso,14
Cúcuta,14
Cárcel De Alta Seguridad,14
Las Leñas,14
Barrio Inglés,14
El Concejo Municipal De Valparaíso,14
Facultad De Ingeniería Y Ciencias De La Universidad Adolfo Ibáñez,14
Fitza,14
Clínica Santa María,14
Mercado Pago,14
San Vicente De Tagua Tagua,14
Provincia De Osorno,14
Foro Itálico,14
Dahua,14
Sistema De Acceso,14
Parque Cerrillos,14
Junji,14
Prochile Antofagasta,14
Parque Bicentenario De Vitacura,14
Paso Las Leñas,14
Dolby Theatre,14
Figem,14
Rosario Central,14
Marina Del Sol,14
Festival De Teatro Zicosur,14
Uandes,14
Rodelillo,14
Bielsa,14
Católica,14
Chaca,14
Lecce,14
Patrimonio Cultural,14
Serviu De Antofagasta,14
Sicilia,14
Seremi De Transportes Y Del,13
Zofri,13
Nuseirat,13
Cádiz,13
Portales N,13
Atlanta,13
Sml,13
Lafkenche,13
Camino Internacional,13
Puente Pío Nono,13
Oeste,13
Copa Viña Del Mar,13
Ereván,13
Pampilla De Coquimbo,13
Bienes Nacionales Los Ríos,13
Autodenuncia,13
Seremi De Justicia,13
Granadilla,13
Hospital Dr. Franco Ravera Zunino,13
Hospital Regional De Rancagua,13
Parque Andino Juncal,13
Dicrep,13
Edificio Utópica,13
Koh Samui,13
Ruta Eléctrica,13
Brasilia,13
Descubre,13
Aktau,13
Área Ingeniería,13
Desarrollo Económico Y Social,13
Zurzuvae,13
Cerro Navia,13
Chilquinta,13
Freire,13
Chida,13
Minera El Abra,13
San Francisco 49Ers,13
Festival De Cannes,13
Chungungo Viejo,13
Glorias Navales,13
Forestal,13
Excelentísima Corte Suprema,13
Gobierno De Kast,13
Arizona,13
Colonia Dignidad,13
Museo Del Limarí,13
Sistema De Admisión Escolar,13
Estadio El Teniente,13
Municipalidad De Algarrobo,13
Alcalde De Renaico,13
Valle Del Elqui,13
Estadio Malvinas Argentinas De Mendoza,13
Municipalidad De Porvenir,13
Avenida Las Torres,13
Avenida Salvador Allende,13
San Pablo,13
Gobierno De La Araucanía,13
Quilín,13
Toledo,13
Lota,13
Assadi,13
Aniñir,13
Anthropic,13
Ramadán,13
Colegio Inglés De Talca,13
Hamilton Hall,13
Los Choros,13
Atención Primaria,13
Corporación Municipal Gabriel González Videla,13
Teatro Municipal De Chillán,13
Superintendencia De Casinos De Juego,13
Chépica,13
Chile Solidario,13
Taipei,13
Unap,13
Rostov Del Don,13
Chanco,13
Challapata,13
Rio Maipo,13
Estadio Víctor Jara,13
Cuevas,12
El Bosque,12
Hito Cajón,12
Hemisferio Sur,12
Himalaya,12
Hospital De Río Bueno,12
Nueva Centinela,12
Arriba Viña,12
Artes Escénicas,12
Asech,12
El Panul,12
El Patagual,12
Pailita,12
Torino,12
El Maitén,12
Crypto.Com Arena,12
Hospital De Corral,12
Labranza,12
Humboldt,12
Las Torres,12
Osipóvichi,12
Provincia Del Biobío,12
La Isla,12
Lago Villarrica,12
Laja,12
Parque El Loa,12
Temprano,12
Portillo,12
Parque Estadio Nacional,12
Delaware,12
Pompeya,12
Zhizhen Zhang,12
Bíobío,12
Bundibugyo,12
La Cabaña,12
La Moranina,12
Procultura,12
Educación Pública,12
Las Mipymes,12
Porticello,12
Teatro Municipal De Ovalle,12
Bangkok,12
Peralillo,12
Bakú,12
Betano,12
Bichota,12
Gore Bío Bío,12
Golfo De Penas,12
Salón De Honor,12
Luque,12
Teatro,12
Teatro Municipal De Antofagasta,12
Gobierno Español,12
Andess,12
Valenzuela,12
Subsecretaría De Prevención Del Delito,12
Subsecretaría De Telecomunicaciones,12
Monumento Histórico,12
Avenida Pacífico,12
Estado De Palestina,12
Estadio Malvinas Argentinas,12
Map,12
Tuniche,12
Mólkino,12
Museo Taller,12
Málaga,12
Nogales,12
Norte Grande,12
Sistema Particular,12
Los Huertos Oriente,12
Verfrut,12
Valmet,12
Santa Lucía,12
Casa Central,12
Atacamascope,12
Corporación Lago Ranco,12
Todocar,12
Barnechea,12
Quepe,12
Neltume,12
Gobierno De Nicolás Maduro,12
Mercado Libre,12
Maturín,12
Flaco,12
Fiscalía De Calama,12
Fiscalía Local De Los Vilos,12
Fiscalía Metropolitana Centro Norte,12
Sala De La Cámara,12
Salares,12
Carolina De Moras,12
Farellones,12
Gayun,12
Festival De La Canción De Viña Del Mar,12
Feria Internacional Del Aire Y Del Espacio,12
Táchira,12
Fiscalía Metropolitana Occidente,12
Maitencillo,12
Chol Chol,12
Chocó,12
Cerros De Cueca,12
La Alameda,12
Houston,12
Inicial,12
Idaho,12
Ciudad Del Cabo,12
Midtjylland,12
Alerta Sanitaria,12
Altovalsol,12
Desarrollo De Negocios Sercotec,12
Seremi Del Trabajo Y Previsión Social De O’Higgins,12
Alto Del Carmen,12
Zurich,12
Abastible,12
Aguas Andinas,12
Volcanes,12
Villa Alegre,11
Ituri,11
Vivienda Del Maule,11
Derby County,11
Ipsfl,11
Alto El Loa,11
Kramatorsk,11
Hotel Punta Piqueros,11
Brest,11
Btm,11
Centro De Conciliación Y Mediación De La Dirección Regional Del Trabajo Metropolitana Oriente,11
Centro De Transición Energética,11
Cerro Porteño,11
Festival Internacional De Teatro Y Danza Fintdaz,11
Milán,11
Max,11
Fiscalía De Antofagasta,11
Fiscalía De Atacama,11
Turín,11
Gendarmería De Chile,11
Túnel Agua Negra,11
Torres,11
Familia Casablanca,11
Metro Los Dominicos,11
Festival De Las Ciencias,11
Riviera Maya,11
Rofuco Alto,11
Sánchez,11
Ministra Del Interior,11
Falla,11
República Checa,11
Codelco Distrito Norte,11
Colegio De Profesoras,11
Tv+,11
Anfield,11
Valle,11
Municipalidad De La Pintana,11
Estadio Maracaná,11
Estado De Sitio,11
Estado Mayor Conjunto,11
Estadio Lucio Fariña,11
Nosotros,11
Nova Austral,11
Municipalidad De San Felipe,11
Aporte,11
Tnt Sports,11
Colun,11
Cochabamba,11
Malasia,11
Manouchehri,11
Mapocho,11
Cecosf,11
Gore Del Biobío,11
Barrio Estación,11
Costanera Center,11
Estación Mapocho,11
Negro,11
Niza,11
Línea Festivales,11
Macarena Ripamonti,11
Universidad De Santiago,11
Hard Rock Stadium,11
Lo Espejo,11
Virgo,11
Venecia,11
San Juan De La Costa,11
Puerto Saavedra,11
Teatro Demoler,11
Nubox,11
Nueva Ley,11
Terreno,11
Embalse La Paloma,11
Puelo Patagonia,11
Copacabana,11
Casa De La Cultura De Valparaíso,11
Santo Tomás Temuco,11
Hong Kong,11
Schareina,11
Segovia,11
Caripilún,11
Buin,11
Parque Bicentenario De Cerrillos,11
El Carmen,11
Palacio De Kensington,11
Provincia De Choapa,11
Provincia Del Choapa,11
La Reina,11
Leqembi,11
Liceo,11
Huana,11
Icvu,11
Hawaii,11
Hemisferio Norte,11
Autopréstamo,11
Avenida Alameda,11
Tgr.Cl,11
Patagual,11
Patrimonio.,11
Parada Militar,11
Pincoya,11
Penitenciaría Nacional De Puerto Príncipe,11
Delegada Presidencial Provincial De Linares,11
Cusco,11
Provincia De Biobío,11
Portezuelo,11
Peñuelas,11
Teatro Municipal De Santiago,11
Teatro Regional Cervantes,11
Teatro Regional Del Maule,11
Teatro Teletón,11
Bangladesh,11
La Boca,11
Hualañé,11
Sindicalización Campesina,11
Seremi De Salud De Antofagasta,11
Seremi De Salud De Valparaíso,11
Budapest,11
Zhuhai,11
Yerbas Buenas,11
Ylb,11
