index,entity,frequency
92,Argentina,18814
1068,La Argentina,11010
1440,Neuquén,8416
241,Buenos Aires,8345
719,Estados Unidos,7367
545,Córdoba,6875
183,Bariloche,6345
232,Brasil,5872
680,España,4665
1806,Río Negro,4477
1663,Provincia De Buenos Aires,4142
1017,Israel,3553
394,Chile,3364
1279,Mendoza,3305
1423,México,3240
862,Gobierno Nacional,3233
1093,La Libertad Avanza,3167
730,Europa,2936
396,China,2925
64,América,2854
424,Ciudad De Buenos Aires,2764
2134,Viedma,2446
321,Casa Rosada,2441
2104,Vaca Muerta,2425
2089,Uruguay,2394
969,Indec,2363
1004,Irán,2259
2071,Ucrania,2249
1882,Santa Fe,2233
1661,Provincia,2119
405,Chubut,2103
1789,Rusia,2098
798,Gabinete,2068
1372,Misiones,2024
1778,Rosario,2015
784,Francia,1977
1018,Italia,1966
2023,Tierra Del Fuego,1938
661,En Estados Unidos,1899
420,Ciudad,1888
1091,La Ley,1873
2121,Venezuela,1837
1243,Mar Del Plata,1836
1574,Patagonia,1818
443,Colombia,1738
1477,Nueva York,1657
351,Centro,1636
2092,Ushuaia,1613
1542,Paraguay,1538
1099,La Pampa,1524
1821,Salta,1492
816,Gaza,1431
793,Fuente,1416
1803,Río Grande,1364
2063,Tucumán,1353
1298,Miami,1345
16,Adorni,1333
497,Corrientes,1301
1218,Madrid,1239
46,Alemania,1236
220,Bolivia,1236
1592,Perú,1230
1104,La Plata,1222
272,Canadá,1220
2184,Washington,1209
1409,Municipio,1200
1190,Los Estados Unidos,1193
97,Aries,1177
1037,Jujuy,1157
252,Caba,1156
1172,Lla,1150
1998,Tauro,1142
603,Ecuador,1124
1857,San Martín De Los Andes,1102
1094,La Luna,1100
1070,La Bombonera,1076
2035,Tolhuin,1069
181,Barcelona,1060
1565,París,1042
1675,Provincia De Neuquén,995
1533,Palermo,976
1116,La Tierra,976
1184,Londres,972
1853,San Lorenzo,962
1108,La Rioja,949
1146,Latinoamérica,948
1134,Lam,940
1946,Sigamos,940
1880,Santa Cruz,937
667,Entre Ríos,928
381,Chaco,911
1644,Posadas,890
775,Formosa,873
774,Florida,872
1716,Qatar,870
1856,San Martín,848
1851,San Juan,838
712,Estado Nacional,837
1024,Japón,831
2151,Villa La Angostura,825
1890,Santiago Del Estero,803
1676,Provincia De Río Negro,784
1136,Lanús,784
1743,Reino Unido,766
980,Inglaterra,764
1777,Roma,753
1854,San Luis,751
609,Ee.Uu.,750
413,Cipolletti,749
128,Australia,732
1747,República Argentina,729
498,Corte Suprema,727
156,Bahía Blanca,713
615,El Bolsón,706
849,Gobierno De Javier Milei,700
422,Ciudad De,694
738,Ezeiza,693
2024,Tigre,688
787,Franja De Gaza,680
14,Acá,671
421,Ciudad Autónoma De Buenos Aires,669
330,Catamarca,656
260,California,651
2206,Zapala,645
1666,Provincia De Córdoba,643
1398,Municipalidad,632
1393,Moscú,618
354,Centro Cívico,616
1971,Sudamérica,614
167,Banco Central,613
512,Covid-19,612
2101,Uxp,603
150,Añelo,595
1837,San Carlos De Bariloche,594
1800,Río De Janeiro,585
906,Géminis,568
1626,Plottier,565
626,El Cordillerano,558
312,Casa Blanca,551
1231,Malvinas,548
1628,Poder Judicial,538
1685,Provincia Del Neuquén,526
926,Hollywood,519
1095,La Matanza,511
347,Centenario,508
81,Antártida,501
1199,Los Ángeles,501
726,Estrecho De Ormuz,495
651,Eldorado,488
521,Cuba,484
291,Capital,483
1386,Monumental,476
2225,Área Metropolitana De Buenos Aires,473
1282,Mercado Libre,469
1215,Líbano,468
1799,Río Cuarto,463
1016,Islas Malvinas,463
1383,Montevideo,463
292,Capital Federal,462
643,El Salvador,449
293,Capital Humano,446
313,Casa De Gobierno,443
1291,Meta,440
1972,Sudáfrica,438
2019,Texas,436
970,India,430
2181,Wall Street,427
1974,Suiza,422
1207,Luna,419
1283,Mercado Pago,417
1258,Marte,415
1642,Portugal,410
2068,Turquía,407
398,China Suárez,407
1580,Países Bajos,407
499,Corte Suprema De Justicia,404
1775,Roca,401
2082,Unidos,398
881,Gran Buenos Aires,397
606,Educación,393
610,Eeuu,392
1766,Rincón De Los Sauces,390
111,Asia,390
1527,Palacio De Hacienda,388
2014,Tesoro,385
826,General Roca,379
1884,Santa Rosa,376
1391,Morón,368
59,Alto Valle,365
1616,Plaza De Mayo,363
672,Escorpio,360
1173,Llaryora,360
2223,África,353
2006,Teherán,352
1394,Movistar Arena,348
85,Arabia Saudita,347
1710,Punta Del Este,347
1478,Nueva Zelanda,347
2183,Wanda Nara,345
1181,Lomas De Zamora,341
1057,Kiev,339
555,De Colombia,336
404,Chos Malal,335
1287,Mercurio,335
1891,Santiago Del Moro,335
1235,Manchester City,335
2169,Virgo,331
1371,Mirá,331
482,Conurbano,326
2118,Vaticano,326
475,Congreso Nacional,324
1973,Suecia,320
973,Info,318
428,Ciudad De México,311
137,Avellaneda,309
1845,San Francisco,309
392,Chicago,306
1738,Recoleta,306
2122,Venus,305
1039,Junín De Los Andes,305
612,Egipto,303
1986,Taiwán,303
770,Florencia,302
276,Canal 9 Norte Misionero,302
67,Anb,301
1540,Panamá,301
13,Acuario,300
1164,Lima,296
500,Corte Suprema De Justicia De La Nación,295
1521,Pacífico,290
2107,Valencia,288
1469,Noticiasnet,286
1721,Quilmes,284
198,Belgrano,279
1138,Las Grutas,277
1498,Oeste,274
822,General,274
1888,Santiago,272
1490,Oberá,272
1758,Retiro,269
869,Godoy Cruz,269
820,Gendarmería Nacional,269
1863,San Pablo,268
1060,Kremlin,268
348,Central,268
2085,Unrn,265
1979,Sur,265
511,Covid,262
1925,Sena,257
580,Dina Huapi,257
188,Barracas Central,257
1486,Núñez,254
898,Guatemala,253
1606,Piscis,253
1950,Siria,251
825,General Pico,251
196,Beijing,250
507,Costa Rica,250
491,Corea Del Sur,249
457,Comodoro Rivadavia,248
1699,Puerto Madero,247
640,El Reino Unido,246
1957,Sol,246
476,Conicet,243
840,Gobernador,243
1564,Parques Nacionales,243
60,Aluminé,242
1823,Salud,241
1145,Las Vegas,240
17,Aduana,240
1038,Junín,238
20,Aeroparque,237
1681,Provincia De Santa Fe,234
299,Caracas,233
880,Gran Bretaña,231
1815,Sagitario,231
1988,Talleres,229
1847,San Isidro,229
1619,Plaza Huincul,227
1462,Norte,224
2002,Teatro Colón,223
1834,San Antonio Oeste,222
1993,Tandil,220
1366,Ministro Del Interior,220
1573,Patagones,219
250,Bélgica,218
844,Gobierno Argentino,214
1545,Paraná,214
300,Caribe,214
296,Capricornio,214
1109,La Rural,213
504,Costa Atlántica,212
943,Houston,211
932,Hospital Italiano,210
219,Bogotá,209
122,Atlántico,207
971,Indiana,206
803,Galicia,206
1171,Liverpool,205
1468,Noticias Argentinas,205
1601,Pilar,205
1737,Recién,204
419,City,204
581,Dinamarca,203
1493,Occidente,202
447,Colón,202
736,Expoagro,202
1560,Parque Nacional Nahuel Huapi,201
96,Argentinos,201
1407,Municipalidad De Ushuaia,201
1157,Leo,200
859,Gobierno De Río Negro,198
2150,Villa Gesell,196
699,Estadio Monumental,196
1139,Las Heras,195
460,Concejo,194
716,Estado.,194
544,Cáncer,193
1410,Municipio De Río Grande,191
461,Concejo Deliberante,191
890,Grecia,190
1931,Sevilla,188
1889,Santiago De Chile,187
369,Cerro Catedral,186
1020,Ituzaingó,186
1756,Resistencia,186
1028,Jefatura De Gabinete,185
389,Chelsea,179
1443,Neuquén.-,179
239,Bruselas,177
1729,Rafah,177
1674,Provincia De Misiones,176
1546,Parlamento,176
1779,Rosario Central,175
1604,Pinamar,174
1862,San Nicolás,171
1466,Noruega,171
2129,Vialidad Nacional,168
1102,La Paz,168
758,Feria Internacional Del Libro De Buenos Aires,168
683,Esquel,168
535,Cuyo,167
1698,Puerto Iguazú,167
2093,Ushuaia.-,167
540,Cámara Baja,166
253,Caballito,165
2160,Villa Regina,165
1404,Municipalidad De Neuquén,165
553,Davos,164
1944,Sierra Grande,164
1637,Polonia,164
129,Austria,164
754,Feria Del Libro,162
1975,Sumate,162
1458,Noa,160
206,Berlín,160
1899,Saturno,159
1489,Obelisco,159
349,Central Córdoba,159
830,Georgia,159
66,América Del Sur,159
1003,Irlanda,158
1162,Libra,157
2055,Tres Arroyos,157
1773,Rivadavia,157
75,Anses,154
749,Federal,154
1798,Río Colorado,154
1771,Rio Negro,154
329,Cataluña,154
967,Incaa,153
1700,Puerto Madryn,152
1160,Libertad,150
1247,Maracaná,150
1046,Jxc,150
187,Barracas,149
1807,Río Neuquén,149
549,Dallas,148
1288,Merlo,146
1660,Pronóstico,145
656,Emiratos Árabes Unidos,145
899,Guayaquil,144
1650,Prefectura Naval Argentina,143
635,El Niño,142
864,Gobierno Provincial,142
853,Gobierno De La Provincia,142
1100,La Patagonia,141
1014,Islas Del Atlántico Sur,141
2045,Transporte,141
1801,Río De La Plata,141
1437,Necochea,140
2155,Villa Mascardi,139
1042,Justicia Federal,139
113,Asunción,138
2168,Virginia,138
653,Emerenciano Sena,137
1048,Júpiter,137
1985,Tailandia,136
1989,Talleres De Córdoba,136
1211,Luna Park,136
938,Hotel Hilton,135
649,El Vaticano,135
1575,Patagonia Argentina,134
123,Atlántico Sur,134
1535,Palestina,134
490,Corea Del Norte,133
1627,Plutón,133
174,Banco Provincia,133
2033,Tokio,133
646,El Sol,133
256,Cabo Verde,132
721,Este,131
45,Alem,130
1586,Pensilvania,130
1272,Medellín,129
1927,Senillosa,128
715,Estado Provincial,128
386,Chascomús,127
783,Foto,127
1205,Luján,127
119,Aten,126
1523,Pakistán,126
1725,Quinta De Olivos,125
1286,Mercadona,125
334,Catedral,125
410,Cinco Saltos,124
1727,Quito,123
1362,Ministro De Economía,123
2050,Trelew,123
1802,Río Gallegos,123
1673,Provincia De Mendoza,122
197,Beirut,121
1222,Maipú,120
2079,Unco,119
470,Confluencia,119
2211,Zona A,117
1506,Olivos,117
1236,Manhattan,117
385,Chapelco,117
2053,Tren Patagónico,117
1753,Reserva Federal,115
2088,Urano,115
1107,La Ribera,114
62,Amia,114
1244,Mar Negro,110
743,Falta,110
850,Gobierno De La Ciudad,110
2154,Villa María,109
1069,La Boca,109
1703,Puerto Rico,108
2159,Villa Pehuenia,108
1030,Jerusalén,108
489,Cordillera De Los Andes,108
218,Boedo,108
2170,Vista Alegre,107
1865,San Pedro,106
1948,Sinaloa,106
1559,Parque Nacional Los Alerces,106
1864,San Patricio Del Chañar,105
765,Finlandia,104
338,Catriel,104
720,Estambul,104
2011,Tenerife,103
927,Honduras,103
1465,Norteamérica,103
52,Allen,102
418,Cisjordania,102
1808,Río Paraná,102
1427,Na).-,101
1949,Singapur,101
1390,Moreno,100
1425,Móvil,100
1751,República Dominicana,99
1237,Manzana,98
1245,Mar Rojo,98
767,Fit,98
1034,Jordania,98
1631,Policía De Río Negro,98
550,Damasco,97
1682,Provincia De Tierra Del Fuego,97
1476,Nueva Jersey,96
1154,Legislatura De Río Negro,96
1126,Lago Nahuel Huapi,96
1281,Mercado De Pases,96
401,Choel,96
851,Gobierno De La Ciudad De Buenos Aires,96
1363,Ministro De Justicia,95
671,Escocia,95
1641,Porto Alegre,95
2008,Tel Aviv,95
972,Indonesia,95
2087,Unter,94
210,Bielorrusia,94
810,Gas Natural Licuado,94
2182,Wanda,94
1740,Recorrido,93
1364,Ministro De Salud,93
705,Estado Argentino,93
104,Arroyito,92
121,Atlanta,92
900,Guaymallén,92
1277,Mediterráneo,92
1151,Lcg,91
1232,Malvinas Argentinas,91
26,Aeropuerto Internacional De Ezeiza,91
618,El Calafate,91
70,Andes,90
949,Hábitat,90
1558,Parque Nacional Lanín,90
786,Franja,89
957,Iguazú,89
1602,Pilcaniyeu,88
1002,Irak,88
1805,Río Limay,88
981,Ingredientes,87
709,Estado De México,87
1227,Malbec,87
1599,Piedra Del Águila,86
204,Berazategui,86
940,Hotel Libertador,86
1166,Limay,86
707,Estado De Israel,85
789,Freepik,85
69,Andalucía,85
1074,La Casa Blanca,84
835,Gigante De Arroyito,83
1709,Punta Colorada,83
1159,León,83
345,Cdmx,82
769,Flavia Royon,82
763,Filadelfia,82
68,Andacollo,82
1860,San Miguel,82
526,Cultura,81
1118,Laboulaye,81
456,Comodoro Py,81
267,Campana,81
1647,Prefectura,81
868,Gobiernos Locales Y Mujeres,81
982,Innovación Federal,80
874,Golfo Pérsico,80
1061,Kristalina Georgieva,80
1870,San Telmo,79
189,Barranquilla,78
2197,Yemen,78
516,Croacia,78
2119,Venecia,78
952,Iapg,78
1671,Provincia De La Pampa,78
1433,Nahuel Huapi,78
2222,Zárate,77
1226,Malba,77
1665,Provincia De Corrientes,76
1183,Loncopué,76
760,Festival De Cannes,75
1795,Ruta Nacional 40,75
665,Ensenada,75
977,Infórmate,75
305,Carolina,75
876,Golfo San Matías,74
1744,Relaciones Exteriores,74
1967,Stellantis,74
464,Concepción,74
752,Feria,74
802,Gales,73
1306,Milán,73
780,Fort Lauderdale,73
1438,Neptuno,73
1843,San Fernando,72
380,Chacarita,72
168,Banco Ciudad,72
1379,Montecarlo,71
1400,Municipalidad De Córdoba,70
1077,La Ciudad,70
1872,San Vicente,70
1654,Prigozhin,70
289,Cannes,70
339,Caviahue,69
172,Banco Nación,69
1887,Santander,69
593,Drv Pnk,69
503,Costa,69
533,Cutral Co,69
1867,San Rafael,69
1144,Las Paso,69
84,Apóstoles,68
1369,Miramar,68
1582,Pehuajó,68
1791,Ruta 40,68
1192,Los Menucos,68
621,El Central,68
147,Azerbaiyán,67
233,Brasilia,67
1584,Pekín,67
1087,La India,66
185,Bariloche Vóley Club,66
631,El Líbano,66
1411,Municipio De Tolhuin,66
1556,Parque Nacional,66
872,Golfo,65
908,Haití,65
1023,Jamaica,65
259,Cali,65
2042,Torres,65
954,Ibiza,65
2214,Zona B,65
91,Argelia,64
1568,Paso,64
538,Cámara Alta,64
1436,Nashville,64
1728,Quiénes,64
1420,Málaga,63
852,Gobierno De La Pampa,63
744,Familia,63
1562,Parque Patricios,63
1206,Luján De Cuyo,62
2143,Villa Carlos Paz,62
729,Ethereum,62
478,Conocé,62
1266,Maui,62
2049,Tratayén,62
602,Economía De La Nación,62
166,Balvanera,61
1169,Litoral,61
1635,Polo,61
1479,Nuevo Gasómetro,61
72,Andorra,61
1649,Prefectura Naval,61
124,Auckland,61
1825,Salud Mental,61
638,El Perú,60
1555,Parque Lezama,60
1668,Provincia De Formosa,60
979,Ingeniero Jacobacci,60
402,Choele,60
1143,Las Palmas,59
515,Crimea,59
1588,Península Mitre,59
1130,Lagos Del Sur,59
127,Austin,59
446,Colorado,59
344,Cck,59
717,Estados,59
575,Desarrollo Humano,58
855,Gobierno De Milei,58
1013,Islas Canarias,58
1549,Parque,58
764,Filipinas,58
2030,Toay,58
2191,Wimbledon,57
44,Alcaraz,57
1553,Parque Industrial,57
2114,Valparaíso,57
1919,Seguridad,57
1921,Seguí,57
39,Alaska,57
308,Carolina Píparo,57
523,Cuenca Neuquina,57
1769,Rio Grande Do Sul,57
2078,Unc,56
353,Centro Cultural Kirchner,56
2016,Tesoro Nacional,56
1453,Nigeria,56
670,Escobar,56
1195,Los Palmeras,56
1133,Lahaina,56
1871,San Valentín,56
620,El Caribe,56
915,Hawái,56
1966,Stadium,55
2173,Viña Del Mar,55
1274,Medina,55
2204,Zamora,55
1085,La Habana,55
388,Checa,55
928,Hong Kong,55
449,Comahue,55
368,Cerro Castor,55
163,Balcarce,55
1784,Royon,54
1452,Nicaragua,54
947,Hurlingham,54
298,Carabobo,54
1677,Provincia De Salta,54
930,Hospital,54
1153,Legislatura De Neuquén,53
2217,Zona Fría,53
1485,Níger,53
1036,Jsrn,53
306,Carolina Del Norte,53
235,Brighton,53
286,Cancún,53
290,Capilla Del Monte,53
1531,Palacio Libertad,53
200,Bella Vista,53
1120,Lago Escondido,53
591,Dolores,53
1229,Mallorca,53
1704,Puerto San Carlos,52
1861,San Miguel De Tucumán,52
366,Cerro Azul,52
2105,Vaca Muerta Sur,52
807,Garupá,52
24,Aeropuerto De Ezeiza,52
1672,Provincia De La Rioja,52
1101,La Paternal,52
2113,Valle Medio,51
1928,Sens,51
283,Canalla,51
1561,Parque Norte,51
1632,Policía Federal,51
946,Hungría,51
454,Comercio,51
1365,Ministro De Turismo,51
1848,San Javier,51
1503,Olavarría,51
2224,Ámsterdam,51
2135,Viejo Continente,51
1178,Loma Campana,51
203,Benfica,50
480,Constitución Nacional,50
1822,Salto,50
216,Blinken,50
1378,Monte Hermoso,50
912,Hard Rock Stadium,50
94,Argentino,50
1590,Pergamino,50
1595,Philadelphia,50
1886,Santa Teresita,50
1885,Santa Sede,50
1591,Perito Moreno,49
1186,Los Andes,49
858,Gobierno De Neuquén,49
1242,Mar Chiquita,49
180,Baradero,49
450,Comallo,49
1388,Monza,48
1624,Plaza San Martín,48
776,Foro De Davos,48
1168,Lisboa,48
115,Asuntos Internacionales,48
501,Cosquín,48
756,Feria Internacional De Turismo,48
1053,Kazajistán,48
594,Dubai,47
238,Brooklyn,47
1203,Lotocki,47
592,Dragón De Madera,47
984,Instituto,47
284,Canarias,47
153,Bahamas,46
400,Chivilcoy,46
812,Gasoducto Norte,46
1260,Massa,46
1373,Misionescuatro,46
1439,Neuba,46
1473,Nuestro País,46
1405,Municipalidad De San Carlos De Bariloche,46
1770,Rio Grande.-,46
1382,Monterrey,46
223,Bomberos,46
1368,Mira,46
1072,La Calera,46
114,Asuntos Constitucionales,46
2147,Villa Devoto,45
1031,Jimena La Torre,45
1790,Ruta 22,45
1750,República Democrática Del Congo,45
1652,Preolímpico,45
1640,Porto,45
781,Fortaleza,45
88,Archivo,45
1033,Johannesburgo,45
483,Cooperativa De Electricidad Bariloche,45
2075,Umma,45
676,Eslovaquia,45
146,Ayer,45
202,Belén,45
25,Aeropuerto De San Fernando,44
285,Cancillería Argentina,44
904,Guyana,44
2058,Tribunales,44
669,Escapadas,44
1419,Museo Nacional De Bellas Artes,44
519,Ctera,44
80,Antioquia,43
282,Canal Trece,43
1196,Los Reyes,42
2164,Villavicencio,42
1257,Marsella,42
1412,Municipios,42
1300,Michigan,42
572,Deportes,42
173,Banco Patagonia,42
998,Iowa,42
1746,Republicanos Unidos,42
2073,Uganda,42
1010,Islamabad,42
301,Cariló,42
1083,La Florida,42
2136,Viena,41
1142,Las Ovejas,41
1117,La Voz De Misiones,41
1961,Soria,41
1922,Selva,41
99,Arizona,41
541,Cámara Federal,41
1598,Picún Leufú,41
804,Ganadería Y Pesca,41
21,Aeroparque Jorge Newbery,41
2152,Villa Lugano,40
2146,Villa Crespo,40
488,Cordillera,40
466,Concordia,40
502,Cosquín Rock,40
36,Al Shifa,40
2066,Turismo Carretera,40
755,Feria Del Libro De Buenos Aires,40
1917,Sectores,40
2091,Usd,40
895,Guadalupe,40
432,Ciudad Magazine,40
885,Gran Rex,40
1078,La Comarca,40
261,Callao,40
987,Instituto Fueguino De Turismo,40
1850,San José,40
1045,Juzgado Federal,40
1920,Seguridad De La Nación,40
1105,La Posta,39
2040,Toronto,39
585,Directorio,39
1128,Lago Puelo,39
637,El País,39
1441,Neuquén Capital,39
728,Eth,39
955,Ica,39
131,Autovía Norte,39
1011,Islandia,39
1005,Isla 132,39
2192,Wisconsin,38
120,Atenas,38
1939,Sicilia,38
1947,Silicon Valley,38
1483,Nápoles,38
903,Guerrero,38
1170,Lituania,38
1402,Municipalidad De General Pico,38
1538,Panal,38
1680,Provincia De Santa Cruz,38
1609,Plains,38
2015,Tesoro De La Nación,38
1996,Tartagal,38
1496,Océano Pacífico,38
240,Budapest,38
1263,Maturín,37
2037,Torino,37
2148,Villa Diamante,37
608,Ee.Uu,37
273,Canal,37
894,Guadalajara,37
1141,Las Malvinas,37
363,Ceprofar,37
65,América Del Norte,37
2038,Tornquist,37
201,Belo Horizonte,37
271,Camuzzi,37
76,Anthropic,37
1748,República Checa,37
2128,Vialidad,37
1819,Salliqueló,37
245,Bullrich,37
1954,Sistema Integrado Previsional Argentino,37
945,Huinganco,37
484,Copacabana,36
1772,Rioseco,36
2109,Valle,36
935,Hospital Zonal,36
2231,Úbeda,36
1256,Marruecos,35
2226,Ártico,35
527,Cultura Y Educación,35
509,Coto,35
427,Ciudad De Mendoza,35
459,Concejales,35
493,Cornejo,35
393,Chihuahua,35
1651,Premetro,35
1667,Provincia De Entre Ríos,35
307,Carolina Del Sur,35
378,Cfi,35
1792,Ruta 7,35
1812,Río Uruguay,35
1842,San Esteban,35
1062,Kursk,35
1435,Nara,34
1073,La Capital,34
614,El Alto,34
1550,Parque Central,34
138,Avenida 9 De Julio,34
688,Estadio Azteca,34
2139,Vietnam,34
1224,Malargüe,34
597,Dubái,34
865,Gobierno Y Educación,34
773,Florianópolis,34
228,Boston,34
275,Canal 9,34
234,Brazo Tristeza,34
263,Calzada,34
1630,Poder Legislativo,34
1697,Puerto De Ushuaia,34
362,Centroamérica,34
1284,Mercado Play,33
1240,Maquinchao,33
857,Gobierno De México,33
1926,Senegal,33
372,Cerro López,33
2022,Tierra,33
2010,Temperley,33
1399,Municipalidad De Bariloche,33
162,Bakú,33
192,Basílica De San Pedro,33
1021,Jacobacci,33
1189,Los Estados,32
1259,Martina,32
2131,Viamonte,32
2036,Toluca,32
586,Distrito,32
2100,Utn,32
1760,Riachuelo,32
772,Flores,32
1838,San Cayetano,32
209,Biblioteca Sarmiento,32
2072,Uepc,32
1296,Mi Argentina,32
1515,Ormuz,31
1524,Palacio 6 De Julio,31
823,General De La Presidencia,31
324,Castelli,31
326,Castillo,31
1708,Punta Cana,31
320,Casa Militar,31
1719,Querétaro,31
1941,Sien,31
279,Canal De Panamá,31
832,Georgieva,31
1044,Juzgado De Paz,31
2056,Trevelin,31
2061,Tránsito,31
101,Armenia,31
843,Gobernadores,31
845,Gobierno Bonaerense,31
2188,Wembley,31
1497,Odesa,30
1191,Los Lagos,30
237,Broadway,30
1670,Provincia De Jujuy,30
1055,Kempes,30
1932,Seúl,30
2153,Villa Martelli,30
700,Estadio Padre Ernesto Martearena,30
1537,Pampa Energía,30
371,Cerro De La Virgen,30
1607,Pist,30
1970,Sudamericano,30
1059,Kosovo,30
269,Campo Grande,30
923,Hipódromo De San Isidro,29
1029,Jefatura De Policía,29
990,Instituto Nacional Del Teatro,29
889,Grand Slam,29
723,Estocolmo,29
246,Bundibugyo,29
1103,La Perla,29
1581,Pba,29
434,Claromecó,29
1547,Parlasur,29
1596,Pico,29
2009,Telam).-,29
1622,Plaza Murillo,29
346,Cedear,28
1608,Piura,28
175,Banco Provincia Del Neuquén,28
376,Cerros Colorados,28
1754,Reserva Natural Formosa,28
1035,Jpc,28
1687,Provincias Unidas,28
2133,Victoria,28
1495,Océano Atlántico,28
834,Getafe,28
634,El Municipio,28
1875,Sanatorio Los Arcos,28
225,Bornoroni,28
1787,Rural De Palermo,28
1460,Nordelta,28
2062,Tsj,28
1253,Mario Alberto Kempes,28
1742,Región Sur,27
1054,Kazán,27
1228,Maldivas,27
607,Ee. Uu.,27
542,Cámara Federal De Casación Penal,27
1494,Oceanía,27
406,Cicyp,27
311,Cartagena,27
328,Cata,27
718,Estados Productores De Hidrocarburos,27
883,Gran Mendoza,27
318,Casa Del Deporte,27
722,Estepa,27
1765,Rincón De Aranda,27
1509,Onelli,27
1829,Salón De Las Mujeres,27
1686,Provincias,27
57,Alta Gracia,27
529,Curvas,27
2025,Tijuana,27
513,Cpe,27
1935,Shelknamsur Locales,26
1246,Maracaibo,26
1303,Mietter,26
2018,Tetaz,26
1381,Monteros,26
1587,Península,26
1688,Provincias Unidas Del Río De La Plata,26
1217,Macondo,26
778,Foro Itálico,26
1858,San Martín De Tucumán,26
914,Hawai,26
1225,Malasia,26
1006,Isla De Santa Elena,26
1445,New Hampshire,26
1026,Jardín América,26
1788,Rusherking,26
1241,Mar Argentino,26
1234,Manchester,26
254,Cabildo,26
1962,Southampton,26
1121,Lago Gutiérrez,26
1958,Solana,25
335,Catedral Alta Patagonia,25
560,Del Sur,25
1248,Maracay,25
390,Chiapas,25
399,Chipre,25
664,Energía Argentina,25
1711,Punta Lara,25
1678,Provincia De San Juan,25
629,El Frutillar,25
1434,Nanterre,25
2090,Usa,25
604,Edemsa,25
1901,Scjn,25
1422,Mérida,25
2179,Vía Navegable Troncal,25
697,Estadio Maracaná,25
2149,Villa El Chocón,25
33,Ahí,25
176,Banco Santander,25
1987,Talcahuano,25
297,Caps,25
1009,Isla Margarita,25
1513,Orlando,25
1500,Oklahoma,25
1643,Porvenir,25
258,Calamar De Martín Palermo,24
1522,Paiporta,24
265,Cambia Mendoza,24
657,Emova,24
2004,Techo,24
854,Gobierno De Mendoza,24
1811,Río Tragadero,24
1589,Pequeño J,24
2138,Vientos Tucumanos Noticias,24
1230,Mallín Ahogado,24
1430,Nacional De Uruguay,24
473,Congreso De La Nación,24
920,Hereford,24
2057,Tribunal Supremo,24
417,Circunvalación,24
964,Inadi,24
1051,Kansas City,24
1040,Jura De La Bandera,24
458,Comunidad De Madrid,23
1474,Nueva,23
1841,San Diego,23
1223,Makro,23
1213,Lyon,23
2189,Wenance,23
856,Gobierno De Misiones,23
205,Berisso,23
2052,Tren Del Valle,23
995,Interlagos,23
288,Canelones,23
1831,Salón De Los Próceres,23
77,Antigua Casa Beban,23
2156,Villa Mitre,23
1525,Palacio Apostólico,23
1726,Quintero,23
1735,Rdc,23
1187,Los Angeles,23
1180,Loma Negra,23
54,Almafuerte,23
257,Calabria,23
2095,Usina Del Arte,23
266,Camp Nou,23
1695,Puerto Almanza,23
133,Av. Héroes De Malvinas,23
1615,Plaza Congreso,23
1086,La Haya,23
1119,Laferrere,23
333,Cataratas Del Iguazú,23
684,Esquina,23
785,Francos,23
1534,Palermo Aike,23
1567,Paseo Del Chocolate,23
795,Fundación Mediterránea,23
682,Esperanza,23
143,Avenida Rivadavia,23
941,Hotel Llao Llao,23
407,Ciencia,23
2017,Tesoro Público,23
1294,Metro,23
543,Cámara Gesell,23
1278,Melbourne,23
2194,Yacyretá,23
2161,Villa Urquiza,23
571,Deporte,23
48,Alfa,22
2195,Yaguaretés,22
2212,Zona A De La,22
2210,Zona 1,22
2029,Titan,22
1385,Montreal,22
1613,Playa Del Carmen,22
1572,Paso Severino,22
1239,Maqueda,22
1115,La Sudamericana,22
314,Casa De La Cultura,22
1683,Provincia De Tucumán,22
1148,Laudelina,22
403,Choele Choel,22
605,Edomex,22
231,Bragado,22
2060,Trinidad,22
1964,Spiroplasma,22
171,Banco Galicia,22
910,Hamburgo,22
287,Candelaria,22
149,Azul,22
1418,Museo Metropolitano De Arte De Nueva York,22
1204,Lucca,22
1395,Mpox,22
741,Facultad De Derecho De La Universidad De Buenos Aires,22
1041,Justicia Argentina,22
55,Almagro,22
1442,Neuquén Informa,22
1446,New York,22
40,Alba,22
892,Grok,22
1597,Pico Y Placa,21
2012,Tennessee,21
125,Audiencia Nacional,21
702,Estadio Ruca Che,21
791,Frávega,21
1690,Puebla,21
1977,Suprema Corte,21
1614,Playas Doradas,21
839,Gobernación,21
2084,Universitario,21
495,Coronel Pringles,21
508,Costa Salguero,21
921,Hidenesa,21
477,Cono Sur,21
983,Inpres,21
627,El Cordillerano Radio,21
1012,Islas,21
145,Ayacucho,21
61,Amazonas,21
962,Impsa,21
690,Estadio Eden Park,21
711,Estado Mayor Conjunto,21
302,Carmen De Patagones,21
813,Gasoducto Néstor Kirchner,21
824,General Paz,21
1873,Sanatorio Esperanza,21
78,Antiguo Centro,21
655,Emirates Stadium,21
1969,Sudamericana,21
1730,Rainbowex,21
1370,Miranda,20
1377,Monitoreo,20
2207,Zaragoza,20
658,Emp,20
673,Escuela Agrotécnica Noelia Rivaldi,20
579,Detroit,20
1625,Plazoleta El Colono,20
1658,Producción Y Ambiente,20
1659,Progreso,20
642,El Rojo,20
660,Emprotur,20
871,Golar Lng,20
847,Gobierno De España,20
1092,La Libertad,20
1999,Teatro Argentino De La Plata,20
2174,Vmos,20
2165,Vilna,20
1056,Kenia,20
875,Golfo San Jorge,20
2137,Vientos,20
735,Expo Rural,20
1520,Pachuca,20
727,Están,20
1786,Rural,20
897,Guaraní,20
50,Alicante,20
1956,Sistema Único De Asignaciones Familiares,20
558,Decanos Y Directores,20
557,Decanato De La Facultad De Ciencias Forestales,20
1488,Oaxaca,20
170,Banco De Tierra Del Fuego,20
531,Cusco,20
184,Bariloche Opina,20
636,El Palomar,20
90,Arequipa,20
837,Ginebra,20
12,Aconcagua,20
891,Groenlandia,19
588,Divisorio,19
966,Inamu,19
2034,Toledo,19
1305,Milwaukee,19
911,Handlova,19
546,Córdoba Capital,19
1978,Suprema Corte De Justicia De La Nación,19
1900,Sauzal Bonito,19
178,Bangkok,19
1167,Lirr,19
438,Cochabamba,19
10,Acara,19
379,Chacabuco,19
710,Estado Estadounidense,19
714,Estado Pleno De Democracia,19
1202,Loterías,19
518,Csjn,19
1022,Jalisco,19
1866,San Petersburgo,19
1881,Santa Elena,19
31,Aguada San Roque,19
1185,Loreto,19
144,Avenida Uruguay,18
960,Imagen,18
105,Arroyo,18
559,Defensora Provincial,18
1963,Spa-Francorchamps,18
1968,Subsecretaría De Tránsito,18
474,Congreso De Tucumán,18
663,Encuentro Federal,18
440,Cocineros Argentinos,18
1110,La Rural De Palermo,18
341,Cañete,18
356,Centro De Economía Política Argentina,18
1122,Lago Los Manzanos,18
628,El Cronicazo,18
761,Festival De La Velocidad,18
522,Cuenca,18
1762,Rige,18
814,Gasoducto Presidente Néstor Kirchner,18
1295,Metrobús,18
944,Hualien,18
815,Gaumont,18
2099,Uthgra Mar Del Plata,18
2069,Táchira,18
902,Guernica,18
2175,Voi,18
863,Gobierno Porteño,18
1548,Parma,18
1470,Noto,18
1140,Las Lajas,18
1733,Rawson,18
481,Continente Blanco,18
255,Cabildo De Córdoba,18
530,Curzas,18
1755,Reservas Internacionales,18
1221,Magdeburgo,18
1112,La Ruta 40,18
468,Condado De Maui,18
2145,Villa Centenario,18
887,Granadilla,18
1285,Mercado Único,18
548,Dakar,18
951,Iaap,17
2031,Tobares,17
1952,Sistema De Transporte,17
1960,Sonora,17
38,Alabama,17
1991,Tamaulipas,17
905,Gyp,17
925,Hogar,17
179,Bar,17
833,Georgina,17
662,En Nicaragua,17
1705,Puna,17
340,Cazzu,17
1692,Puente Allenby,17
1655,Primeros Pobladores,17
1111,La Ruta 23,17
2198,Yenín,17
2200,Yipio,17
2158,Villa Olímpica,17
51,Alicurá,17
193,Batán,17
1816,Sal,17
251,Bío Bío,17
1406,Municipalidad De San Miguel De Tucumán,17
623,El Chocón,17
1718,Quemú Quemú,17
208,Biblioteca Del Segundo Piso Del,17
1255,Maronese,17
224,Bonoloto,17
753,Feria De Editores,17
1025,Jardín,17
444,Colonia Aurora,17
358,Centro Español,17
1429,Nacional De Puerto Piray,17
1129,Lago Ranco,17
1432,Nación Argentina,17
633,El Messidor,17
1480,Nuevo León,17
453,Comercial Eldorado,16
177,Bandurria Sur,16
1265,Matutino,16
1182,Lomas Del Mirador,16
1593,Petronas,16
1448,Newcastle,16
355,Centro De Convenciones Y Eventos Del Parque Del Conocimiento,16
1684,Provincia Del Chaco,16
465,Concepción Del Uruguay,16
431,Ciudad Judicial,16
1552,Parque De Las Naciones,16
1301,Michoacán,16
1893,Santo Domingo,16
159,Baja California,16
1983,São Paulo,16
140,Avenida Mosconi,16
139,Avenida Argentina,16
1994,Tarifa Social,16
2208,Zelensky,16
2126,Vespertina,16
2202,Yulixa Toloza,16
2167,Virasoro,16
989,Instituto Nacional De Cine Y Artes Audiovisuales,16
1990,Tamara,16
993,Intendente,16
1197,Los Ríos,16
374,Cerro Marmolejo,16
1611,Planta De Faena,16
1623,Plaza Roja,16
373,Cerro López De Bariloche,16
1058,Kimberley,16
1052,Kansas City Chiefs,16
506,Costa De Marfil,16
1723,Quiniela De Córdoba,16
751,Ferello,16
1774,Riviera Maya,16
277,Canal Beagle,16
186,Barra,16
1923,Selva Alemán,16
2003,Teatro De Prosa Del Centro Del Conocimiento De Posadas,16
933,Hospital Madariaga,16
2064,Tula,16
243,Buey,16
1032,Joca,16
601,Economía,16
1724,Quiniela De Misiones,16
304,Carnaval,16
1714,Purmamarca,16
1084,La Giralda,16
1264,Matutina,16
958,Iguazú Argentina,15
587,Distrito Sur,15
2020,Thalasselis,15
191,Base Marambio,15
1892,Santo,15
1252,Marina Bay,15
936,Hotel Faena,15
788,Frankfurt,15
1293,Metlife Stadium,15
2205,Zanchetta,15
42,Albania,15
2176,Vélez,15
848,Gobierno De Estados Unidos,15
884,Gran Mercado Argentino,15
56,Alta Arquitectura,15
1292,Metileo,15
2102,Uzbekistán,15
1297,Mi Bandera,15
1307,Minería,15
2067,Turismo De Bariloche,15
2094,Usina,15
1878,Santa Argentina,15
1877,Santa Ana,15
759,Feria Nacional “Caminos Y Sabores,15
757,Feria Internacional Del Libro,15
1414,Muro De Los Lamentos,15
303,Carmona,15
1741,Recursos Naturales,15
528,Cundinamarca,15
1768,Rio Grande,15
746,Fars,15
524,Cuit,15
706,Estado Civil,15
600,Eau,15
1008,Isla El Porvenir,15
230,Braford,15
236,Brisbane,15
768,Fitur,15
1015,Islas Georgias Del Sur,15
248,Buzios,15
622,El Chaco,15
674,Escuela Municipal,15
1689,Puan,15
309,Carpa De La Dignidad,15
691,Estadio José Amalfitani,15
713,Estado Palestino,15
1702,Puerto Príncipe,15
1519,Pabellón Amarillo,15
1179,Loma Del Torito,15
1471,Nu Stadium,15
1512,Orión,15
1459,Nochebuena,15
632,El Mangrullo,15
1484,Nápoli,15
463,Concejo Municipal,15
22,Aeropuerto,15
11,Aceite,15
29,Afines,14
9,Abu Dhabi,14
861,Gobierno Federal,14
2178,Vía Láctea,14
650,Elba,14
961,Imola,14
963,Impulsa,14
992,Int,14
1507,Olympique,14
1499,Ohio,14
1517,Osuna,14
1934,Shelknamsur,14
182,Bargiela,14
1896,Sarandí,14
34,Aicm,14
1461,Normandía,14
1176,Lohrmann,14
1457,Niñez,14
1918,Seguir,14
1361,Ministro De Ciencia,14
554,Dc-Comunidad,14
552,Danubio,14
867,Gobierno.,14
294,Capitolio,14
2124,Vergara,14
577,Desarrollos Urbanísticos,14
281,Canal Nueve,14
1745,Reprocann,14
2046,Transporte De La Nación,14
2043,Tragadero,14
1200,Lotería,14
1188,Los Cocos,14
1290,Mesa Nacional Del Transporte,14
102,Arriba Chubut,14
1818,Saldungaray,14
1387,Monumento Natur,14
2123,Veracruz,14
2115,Valverde,14
1793,Ruta Nacional 152,14
794,Fuerte!,14
1557,Parque Nacional Iguazú,14
130,Autovía 2,14
1840,San Cristóbal,14
1852,San Justo,14
1846,San Francisco 49Ers,14
425,Ciudad De Córdoba,14
58,Alto,14
818,Gelatina,14
888,Granadilla De Abona,14
2077,Unavp,14
1090,La Joaqui,14
2097,Utah,14
1209,Luna Llena,14
316,Casa De Las Leyes,14
1075,La China Suárez,14
918,Helvecia,14
1123,Lago Mari Menuco,14
95,Argentino De Monte Maíz,14
2172,Vivienda,14
1113,La Sirena,14
367,Cerro Bayo,14
352,Centro Cultural,14
350,Central Puerto,14
1216,Línea Sur,14
325,Castilla Y León,14
375,Cerro Otto,14
1603,Pimpinela,14
1135,Laméndola,14
1722,Quilpué,14
1304,Milla Helada,14
1067,La Araucanía,14
1594,Pevi,14
103,Arrieta,14
2218,Zona Norte,13
991,Instituto Provincial De Vivienda,13
978,Ingeniero Budge,13
37,Al-Shifa,13
1933,Shanghái,13
647,El Trébol,13
652,Elnueve,13
1897,Sarmiento,13
1980,Suspendido,13
1249,Marambio,13
1007,Isla Demarchi,13
1541,Paprocki,13
441,Coghlan,13
448,Colón De Santa Fe,13
1536,Pampa,13
870,Goiás,13
157,Bahía López,13
782,Fortín Olavarría,13
165,Baltimore,13
1467,Nosotros,13
1959,Somos Fueguinos,13
2157,Villa Olimpica De Puerto Piray,13
49,Algaba,13
391,Chiara,13
762,Figueredo,13
411,Cine Gaumont,13
886,Granada,13
1810,Río Pipo,13
215,Blaquier,13
229,Bournemouth,13
2132,Vicegobernación De Misiones,13
893,Grozni,13
199,Belice,13
222,Bolívar,13
2048,Trasfigura,13
725,Estrecho De Magallanes,13
1047,Járkov,13
1198,Los Totora,13
1781,Rostov,13
1780,Rosch,13
270,Campo Viera,13
1027,Jardín Botánico,13
2112,Valle Del Cauca,13
811,Gasoducto Del Norte,13
116,Asuntos Municipales,13
2116,Vancouver,13
397,China Muerta,13
1576,Patagonia Run,13
264,Calzado,13
268,Campo Argentino De Polo,13
244,Bulgaria,13
1813,Río Varvarco,13
644,El Sauce,13
598,Dunedin,13
994,Interior,13
573,Deportes De Misiones,13
132,Autódromo Hermanos Rodríguez,13
950,Héroes De Malvinas,13
1554,Parque Jaime De Nevares,13
1454,Ningxia,13
274,Canal 13,13
106,Arroyo Cabral,13
1299,Miami-Dade,13
107,Arroyo Cretón,13
382,Chacra Experimental Integrada Barrow,13
1392,Mosconi,13
1415,Museo,13
677,Eslovenia,13
1618,Plaza Del Congreso,13
315,Casa De La Pampa,13
639,El Quemado,13
1421,Más Monumental,13
319,Casa Del Puente,13
901,Guazzora,13
112,Asturias,13
1396,Mtpa,13
2096,Uspallata,13
698,Estadio Mario Alberto Kempes,13
1098,La Palma,13
922,Hipódromo De Palermo,13
809,Gas Licuado De Petróleo,13
2076,Unam,13
322,Caseros,13
1648,Prefectura De Ishikawa,13
1645,Potenciar Misiones,13
1646,Praia,13
1638,Pompeya,13
693,Estadio Libertadores De América,13
331,Catar,13
87,Aragón,13
28,Aeropuertos Argentina,13
2187,Wegovy,13
18,Aduanas,13
1482,Nuñez,13
2193,Xinhua,13
2196,Ycrt,13
2201,Yucatán,13
7,A526,13
1937,Shopee,12
1940,Sidney,12
1501,Oklahoma City,12
1269,Mazatlán,12
1505,Olimpo,12
23,Aeropuerto De Córdoba,12
2227,Ávila,12
1951,Sistema De Importaciones,12
148,Azopardo,12
779,Foro Llao Llao,12
974,Infobae,12
771,Florencia De La Ve,12
160,Bajo Del Toro,12
873,Golfo De México,12
323,Casinos,12
1212,Luque,12
152,Bagdad,12
2221,Zuban-Córdoba,12
15,Adimra,12
1464,Norte Grande,12
1472,Nucleoeléctrica Argentina S.A.,12
556,De Valencia,12
1895,Sao Paulo,12
827,General San Martín,12
828,Generalitat,12
1633,Polideportivos Barriales,12
1634,Politikon Chaco,12
1639,Porticello,12
1662,Provincia Compras,12
701,Estadio Presidente Perón,12
703,Estadio Único De San Nicolás,12
532,Cushamen,12
426,Ciudad De Gaza,12
445,Colonia Suiza,12
539,Cámara Argentina De La Construcción,12
1367,Minnesota,12
1375,Molinedo,12
1874,Sanatorio Fueguino,12
1876,Sandwich Del Sur,12
1982,Sánchez,12
1859,San Mauricio,12
1869,San Sebastián,12
194,Bazoum,12
997,Inym,12
1416,Museo De Arte Latinoamericano De Buenos Aires,12
1417,Museo Metropolitano De Arte,12
917,Helan,12
919,Hemisferio Occidental,12
806,Garuhapé,12
808,Gas,12
1096,La Municipalidad,12
689,Estadio Diego Armando Maradona,12
694,Estadio Luna Park,12
909,Hallan,12
913,Havanna,12
2103,Vaamonde,12
1131,Laguna Del Diablo,12
675,Esfuer,12
1701,Puerto Península,12
317,Casa De Tierra Del Fuego,12
1076,La Chiqui,12
1079,La Cumbre,12
1080,La Docta,12
1000,Ipim,12
668,Envidiosa,12
645,El Soberbio,12
217,Bocade,12
221,Bolsa De Madrid,12
135,Avanza Libertad,12
142,Avenida Olascoaga,12
948,Huso,12
766,Fisu,12
1830,Salón De Las Mujeres Del Bicentenario,12
1833,San Antonio,12
574,Derivados,12
471,Congelados,12
562,Delegaciones Municipales,12
109,Aruba,12
2054,Trenel,12
492,Coria,12
1088,La Invernada,12
412,Cine Teatro Español,12
1563,Parque Sarmiento,12
53,Allkem,12
2001,Teatro Cañuelas,12
247,Burgos,12
370,Cerro Chapelco,12
1127,Lago Ness,12
1447,Newark,12
1731,Ramadán,12
1734,Raízen,12
624,El Chocón Arroyito,12
1797,Río Amarillo,12
1824,Salud De La Nación,12
525,Culiacán,12
616,El Bosque,12
242,Buenos Aires.-,12
929,Horóscopo Chino,12
931,Hospital De Clínicas,12
2039,Toro,12
2044,Tramos,12
98,"Aries

Aries",12
1397,Mulc,12
1401,Municipalidad De Eldorado,12
1717,Quaranta,12
1585,Pella,12
395,Chimpay,12
1570,Paso De Los Libres,12
1579,País Vasco,12
687,Estadio Alejandro Villanueva,12
1147,Latitud,12
126,Audiencia Pública,12
2027,Tiro,12
1763,Rigi,12
1776,Rodríguez Larreta,12
1785,Rumania,12
1149,Laura Montes,12
1150,Lavalle,12
1280,Mercado Central,12
1289,Merlos,12
1050,Kansas,12
654,Emilia,12
1898,Sashimiya,12
2081,Unidades De Monitoreo Ambulatorio,12
2083,Universidades Nacionales,12
2163,Villalba,12
836,Gimnasia De Mendoza,12
841,Gobernador De Río Negro,12
842,Gobernador Roca,12
1924,Semana Santa,12
1929,Sepe,12
2190,West Palm Beach,12
1481,Nuseirat,12
1487,Oakland,12
1491,Observatorio Argentino De Turismo,12
462,Concejo Deliberante De Ushuaia,11
19,Ae38,11
1930,Serbia,11
986,Instituto Balseiro,11
968,Increíble,11
965,Inah,11
799,Gabinete De La Municipalidad De Ushuaia,11
1271,Mañanísima,11
2086,Unsam,11
93,Argentina-,11
169,Banco De Galicia,11
2185,Washington D.C.,11
1174,Lobería,11
648,El Valencia,11
1514,Orlando City,11
1510,Ontario,11
724,Estrecho De Kerch,11
1049,Kabosu,11
583,Dipy,11
1583,Pehuén,11
659,Empleo Neuquino,11
1152,Legisladores,11
1194,Los Murciélagos,11
1193,Los Miches,11
748,Fecovita,11
262,Calle Mitre,11
1764,Rincón,11
2021,Thetis,11
939,Hotel Huemul,11
937,Hotel Four Seasons,11
1137,Las Bahamas,11
685,Estación Fernández Oro,11
359,Centro Latinoamericano De Investigación Periodística,11
1715,Píparo,11
1066,La Amarga Chica,11
1408,Municipalidad De Viedma,11
505,Costa Brava,11
1219,Magallanes,11
1302,Microcentro,11
2047,Transporte Urbano De Pasajeros,11
2041,Torre,11
2120,Venezia,11
2117,Varsovia,11
934,Hospital Norpatagónico,11
1043,Juzgado De Instrucción Dos De Posadas,11
617,El Cairo,11
1380,Montenegro,11
750,Femeba,11
1826,Salud Pública,11
1809,Río Patapsco,11
1063,Kuwait,11
1739,Reconquista,11
295,Capri,11
1720,Quetrequén,11
1450,Nft,11
1125,Lago Moreno,11
1124,Lago Morenito,11
1610,Plana Mayor,11
383,Chancaní,11
1600,Pigüé,11
2005,Tecnópolis,11
387,Chase Stadium,11
1566,Paseo De Las Colectividades,11
416,Circuito Mundial,11
414,Cippec,11
409,Cincinnati,11
1544,Paraje Algarrobal,11
1713,Punto De Ingreso,11
1082,La Finalissima,11
487,Copenhague,11
486,Copal,11
2059,Trincheras De San José,11
2051,Tren De Las Sierras,11
110,Ascacíbar,11
1832,Salón Eva Perón,11
740,Facultad De Derecho De La Uba,11
1019,Ituri,11
1827,Salón Auditórium Del Hospital Samic Eldorado,11
2000,Teatro Auditorium,11
1855,San Luis Potosí,11
1849,San Jerónimo,11
226,Bosnia,11
599,Eastbourne,11
641,El Relincho,11
1165,Lima Metropolitana,11
1161,Libertad Avanza,11
2130,Vialidad Provincial,11
819,Gendarmería,11
817,Gba,11
896,Gualeguaychú,11
999,Ipacym,11
1707,Puno,11
357,Centro De Salud,11
1629,Poder Judicial De Río Negro,11
2098,Uthgra,11
907,Haifa,11
831,Georgias Del Sur,11
73,Angola,11
71,Andis,11
336,Catedral Metropolitana,11
695,Estadio Malvinas Argentinas,11
2074,Uilo,11
924,Hiroshima,11
1413,Murcia,11
996,Internacional,11
1868,San Salvador De Jujuy,11
1981,Sutton,11
1250,Marbella,11
551,Dandadan,11
547,Cúcuta,11
1879,Santa Clara,11
1376,Monagas,11
1374,Molina,11
866,Gobierno Y Justicia,11
846,Gobierno De,11
423,Ciudad De Bolívar,11
1532,Palacio Quemado,11
1529,Palacio De Tribunales,11
442,Colegio De Agrimensores,11
439,Cochería Bracco,11
435,Cleveland,11
433,Civil,11
536,Cyrux,11
1679,Provincia De San Luis,11
1114,La Suba,11
1106,La Provincia,11
704,Estadio Único Madre De Ciudades,11
1664,Provincia De Chaco,11
337,Catheda,11
364,Cerdeña,11
74,Anisacate,11
1894,Santo Tomé,11
1254,Mario Alberto Kempes De Córdoba,11
1955,Sistema Público De Promoción Del,11
1516,Oruro,11
1456,Niza,11
630,El Gobierno,11
625,El Coatí,11
1175,Lof Lafken Winkul Mapu,11
878,Goodwood,11
1273,Medicaid,11
2230,Ómicron,11
2216,Zona Franca,11
89,Arenillas,11
1656,Pristina,11
1653,Preska,11
343,Cbt,11
469,Conesa,11
1426,M�S,11
496,Corredores Viales,11
611,Eg.5.1,11
1953,Sistema De Transporte Colectivo,11
797,Fémina,11
2229,Ñuble,11
2228,Ñireco,11
6,A23A,11
8,Abra Pampa,11
2177,Vía Crucis,11
1492,Observatorio De Argentinos,11
1502,Oktoberfest,11
2199,Yerba Buena,11
1518,Oviedo,11
2213,Zona A De La Copa De La Liga,11
151,Bafici,11
